Order_ID,Quantity,Cost_Per_Unit,Lead_Time,Shipping_Cost,Region,Priority,Total_Cost
1,,64.67997000642156,23,48.326466068331165,South,Low,
2,93.0,31.991783991818906,26,37.700194643164544,West,Medium,3012.936105882323
3,15.0,54.842292806404615,4,18.713799292376,East,Low,841.3481913884452
4,72.0,39.73136331528226,18,42.32275991864811,West,Medium,2902.9809186189705
5,61.0,94.03226413838871,23,17.66845392867185,East,Low,5753.636566370383
6,21.0,10.678092682066726,6,44.27392278047576,North,Medium,268.513869103877
7,83.0,30.27995179412754,3,10.066117568537166,North,Low,2523.302116481123
8,87.0,42.882113770665185,22,36.66586898573581,East,High,3767.409767033607
9,75.0,53.90288207278641,11,29.331431449020965,West,Medium,4072.0475869080014
10,75.0,86.57357660525317,15,9.344051158794837,North,Medium,6502.362296552783
11,88.0,17.90988620861295,22,15.885222271647754,South,High,1591.9552086295873
12,24.0,,28,5.558181632479165,North,Low,
13,3.0,15.008814042127781,5,26.094558445902763,South,Medium,71.1210005722861
14,22.0,85.80826317683635,20,18.556936734200015,West,Medium,1906.3387266245998
15,,14.647193008706155,10,31.926086793399147,South,Low,
16,2.0,11.641823328552494,12,18.375701346887773,South,High,41.65934800399276
17,88.0,72.72653161297794,15,18.49636001781431,South,Low,6418.431141959873
18,30.0,99.75299812915549,17,38.44369394292215,South,Low,3031.0336378175866
19,38.0,90.69492366766187,10,7.166427619025905,North,Low,3453.573526990177
20,2.0,61.8398576025094,6,45.63027478363943,South,Medium,169.30998998865823
21,64.0,92.56560517769785,18,43.351874347603164,North,High,5967.550605720266
22,60.0,10.477000575784487,13,35.05121074518829,South,High,663.6712452922576
23,21.0,97.75604466506283,3,31.694970654832293,East,Low,2084.5719086211516
24,33.0,54.1673901332906,24,45.15361241628435,West,Medium,1832.6774868148743
25,76.0,75.06064869595981,10,,South,Low,
26,58.0,83.87753258380172,14,8.553612298587288,East,Medium,4873.450502159088
27,22.0,74.66115437528983,6,15.777957645929215,South,Medium,1658.3233539023054
28,89.0,58.15330588404195,3,40.756022541508564,South,Medium,5216.400246221242
29,49.0,52.89575357137708,16,6.560162002691749,South,Medium,2598.452087000169
30,91.0,85.47243028323624,7,31.226307578757034,East,High,7809.217463353254
31,59.0,28.45698041345132,20,49.79468822860895,West,Medium,1728.7565326222368
32,42.0,97.11946598538108,14,43.50632422268927,East,Medium,4122.523895608694
33,92.0,73.98572309530735,9,28.465056006961525,West,Low,6835.151580775238
34,60.0,27.955623460448777,15,7.863840917898905,South,Low,1685.2012485448254
35,80.0,76.26224653286394,21,42.41180814735694,North,High,6143.391530776473
36,15.0,57.6856020863005,3,31.954032867974476,South,Low,897.2380641624819
37,62.0,73.650708608,2,10.171984867680507,West,Medium,4576.51591856368
38,62.0,79.1001551298555,27,9.22357781705103,East,Low,4913.433195868091
39,47.0,17.85611616307079,2,45.93320687464666,South,High,885.1706665389738
40,62.0,55.54935607234123,3,35.11401183221353,East,Low,3479.17408831737
41,51.0,93.88129080312407,18,42.317905969254,East,Low,4830.263736928581
42,55.0,38.85779729435629,14,44.55405051270203,East,High,2181.7329017022976
43,64.0,63.449478780210896,20,30.729755842174498,South,High,4091.496397775672
44,3.0,43.23074333589065,18,28.285085828976857,East,Medium,157.9773158366488
45,51.0,50.88411749971897,10,24.36923346444456,East,Low,2619.4592259501123
46,7.0,59.374280614433786,25,19.26259645060037,South,Medium,434.88256075163684
47,21.0,59.40297819000796,2,24.55681823864203,East,Low,1272.0193602288093
48,73.0,28.155741609721225,25,39.82458450785704,South,Low,2095.193722017507
49,39.0,71.611439309185,29,32.08655439568092,West,Medium,2824.932687453896
50,18.0,17.908130011839113,22,45.16354804796807,West,Low,367.5098882610721
51,4.0,22.494229609781833,1,24.952100647063446,West,Low,114.92901908619078
52,89.0,10.243980947289671,4,32.31903104234393,East,Low,944.0333353511246
53,60.0,20.50264577275132,14,33.40883988913949,North,High,1263.5675862542187
54,14.0,52.5849580946703,1,31.62637230378465,North,Medium,767.8157856291689
55,9.0,64.54916929502548,14,36.61851978884823,East,High,617.5610434440775
56,90.0,81.48605049698162,16,15.684506076866283,North,Medium,7349.429050805212
57,53.0,19.602932510209246,22,28.05636998956058,South,Medium,1067.0117930306508
58,2.0,86.56547140148092,14,9.690116126375646,North,Low,182.82105892933748
59,84.0,77.13770729938463,29,22.303009744016563,East,Medium,6501.870422892326
60,92.0,46.76664636423252,20,26.9450180879569,East,High,4329.476483597348
61,60.0,93.96442603899592,3,34.35009167954626,South,High,5672.215654019302
62,71.0,99.18365288116516,3,47.77389736637916,West,High,7089.813251929106
63,44.0,28.450162904791352,9,32.029297994676014,East,Medium,1283.8364658054954
64,8.0,44.13057264674204,6,38.46172622794519,South,High,391.5063074018815
65,47.0,93.380448123074,25,27.781972677284124,North,Medium,4416.663034461762
66,35.0,74.94368956761494,13,33.53468141193491,North,High,2656.5638162784576
67,78.0,14.328517956767893,21,8.191949726019804,South,High,1125.8163503539156
68,81.0,80.33630335762734,2,16.447621137883115,South,Medium,6523.688193105698
69,36.0,84.51467984597427,8,21.28338919423124,East,High,3063.811863649305
70,50.0,77.54517322887821,21,26.262200975293112,North,Low,3903.5208624192037
71,4.0,81.9583417827564,2,7.054193547607268,South,Medium,334.8875606786329
72,2.0,84.26194090235175,4,11.301084389899295,North,Medium,179.8249661946028
73,6.0,26.77644881093297,25,17.45664385060876,South,Medium,178.11533671620657
74,54.0,31.21225714584998,15,48.71897109054728,North,Low,1734.180856966446
75,4.0,67.03827073481595,4,19.910615319637284,West,Medium,288.06369825890107
76,54.0,91.70795174162643,13,26.691847615043713,East,High,4978.921241662872
77,93.0,38.457692406684515,28,13.824397073227683,North,High,3590.389790894888
78,63.0,62.9476008215551,12,32.485103198409575,West,High,3998.1839549563806
79,18.0,71.46838570754193,28,17.630744698218844,North,Medium,1304.0616874339737
80,90.0,50.67537411691353,13,14.314666029729205,North,High,4575.098336551947
81,44.0,74.24042093697933,14,28.245768280069058,West,Medium,3294.82428950716
82,34.0,90.97007007629558,20,5.247760962218937,North,High,3098.2301435562686
83,74.0,66.16913897636539,18,5.34488146921514,North,Low,4901.861165720255
84,62.0,58.58029557231697,29,14.8580964095836,East,Low,3646.8364218932356
85,14.0,49.487020784950516,28,6.652461312536952,West,Low,699.4707523018442
86,95.0,61.97376438155131,6,9.861158935881111,West,Low,5897.368775183255
87,48.0,41.982620663655624,29,20.248729220243824,South,Medium,2035.4145210757138
88,15.0,45.233389918135174,11,41.116355581091575,North,High,719.6172043531193
89,72.0,57.86717317193566,2,30.742188951618537,East,Low,4197.1786573309855
90,78.0,15.995720115173526,28,28.07004766803874,North,Medium,1275.7362166515738
91,87.0,30.61228518323167,23,18.206997044365473,North,Low,2681.4758079855205
92,62.0,58.8564379552068,19,46.92891737447674,South,Low,3696.0280705972987
93,40.0,48.83753288227984,19,22.865676855673627,North,Medium,1976.3669921468672
94,85.0,39.95342073212359,5,8.919174505809718,East,Medium,3404.959936736315
95,80.0,75.74942231283713,19,32.767993225301055,East,High,6092.721778252271
96,82.0,72.43458466630045,2,10.122727706447064,South,High,5949.758670343084
97,53.0,25.005768399404484,10,20.535041426076145,North,Low,1345.8407665945138
98,24.0,89.07662038360944,25,27.8335372423014,East,Low,2165.6724264489276
99,26.0,54.58812637635691,2,44.34001361083291,North,High,1463.6312993961128
100,89.0,76.73148200251408,11,27.20959611530534,North,High,6856.311494339059
101,60.0,61.58357643316498,18,36.60164447142489,North,Medium,3731.6162304613235
102,41.0,99.7923354331459,29,49.67675775495817,South,High,4141.16251051394
103,29.0,77.71628080349404,24,10.917010395409173,North,High,2264.6891536967364
104,15.0,73.62824151191131,15,17.36291864837838,East,Low,1121.786541327048
105,45.0,80.0714745145676,9,22.755923401894087,North,High,3625.972276557436
106,65.0,22.881518699362267,23,23.98226803424741,East,Low,1511.2809834927948
107,89.0,28.409013385251694,19,23.49594838694956,North,High,2551.8981396743507
108,71.0,74.26576740012527,9,45.84249511504497,East,Medium,5318.711980523939
109,9.0,54.45833384177764,3,37.13146900100854,East,High,527.2564735770072
110,88.0,77.9171762674105,21,32.35573463408167,North,High,6889.067246166205
111,1.0,19.262442766973052,9,18.921772303825193,North,High,38.184215070798246
112,8.0,58.283321633613525,28,42.07056728995826,East,Low,508.33714035886646
113,,44.09394090012241,14,47.977723016824505,West,Medium,
114,63.0,51.13001973535105,19,41.953922714760196,South,High,3263.145166041876
115,11.0,64.35620848652613,7,5.0704297336162805,West,Low,712.9887230854036
116,81.0,55.20595127162771,16,33.63806165825332,West,Medium,4505.320114660099
117,8.0,58.587457340155304,16,7.301092164894532,North,Low,476.000750886137
118,35.0,53.7721733796047,28,16.592324915017485,South,Low,1898.6183932011822
119,35.0,46.80596593769439,1,7.678611515649726,West,Medium,1645.8874193349532
120,33.0,79.46937825384205,4,32.170795382722446,North,High,2654.6602777595103
121,5.0,11.098276508624007,4,35.89654610716731,West,Low,91.38792865028735
122,41.0,63.85984310847043,7,10.15194371296573,West,Low,2628.4055111602534
123,28.0,60.895751259067644,8,22.27274973702408,North,High,1727.353784990918
124,7.0,74.4561167259657,17,25.53064290299939,North,High,546.7234599847593
125,73.0,63.91264282995938,5,21.607385979241247,North,Medium,4687.230312566277
126,72.0,84.41189450281705,7,10.446125021833687,South,Medium,6088.102529224661
127,12.0,96.3167315107625,28,23.852650558436395,West,Medium,1179.6534286875863
128,34.0,40.827183146068904,20,38.803012151378816,North,High,1426.9272391177217
129,33.0,30.461588472698832,29,8.195344903996496,East,Low,1013.4277645030579
130,48.0,48.12371761784346,20,8.608100633685655,West,Low,2318.546546290172
131,23.0,35.91366548281535,4,20.96470813261929,East,Medium,846.9790142373723
132,62.0,65.34552368373889,28,47.37765702285163,South,High,4098.800125414663
133,88.0,92.06671679586682,6,35.08576910253113,North,Low,8136.956847138812
134,37.0,22.52045747287557,7,,East,Medium,
135,99.0,19.071514271429784,18,21.286399587703922,South,Low,1909.3663124592526
136,44.0,33.0413978668296,5,31.71473560438423,North,Low,1485.5362417448866
137,86.0,75.34860274561606,20,5.455903281248452,East,High,6485.43573940423
138,91.0,63.36666147329394,29,33.624322088429395,East,High,5799.990516158178
139,35.0,19.199139780267963,3,46.09791264093065,South,Low,718.0678049503093
140,65.0,92.68754700346719,7,32.56580607551686,North,Medium,6057.256361300884
141,99.0,81.10761734116781,27,,North,High,
142,47.0,12.072034430887376,28,37.57878749597422,East,Low,604.9644057476809
143,78.0,68.62304898894214,22,10.425128738166062,East,High,5363.0229498756535
144,3.0,79.41220016677642,14,45.61039882786288,East,High,283.8469993281921
145,1.0,43.699183274837985,7,7.98997299600987,North,High,51.68915627084785
146,5.0,16.20293854304969,5,29.02853626464937,South,Low,110.04322897989783
147,90.0,16.958895893990853,29,11.396170570705594,South,Medium,1537.6968010298824
148,14.0,19.382226944662854,22,5.526797482890683,North,Medium,276.87797470817065
149,27.0,85.63956687823806,5,23.991541705743757,West,Medium,2336.2598474181714
150,9.0,91.96175784301417,23,18.27683184443703,South,High,845.9326524315646
151,79.0,21.052970366116043,2,26.870022220892135,East,Low,1690.0546811440595
152,15.0,31.231543113557308,27,30.973994903054788,West,High,499.4471416064144
153,90.0,24.896845933056078,21,6.968258253902631,West,Medium,2247.6843922289495
154,42.0,26.768879154470863,22,10.535148280568553,South,Medium,1134.8280727683448
155,77.0,85.37417101022429,6,30.13890784026914,West,Low,6603.950075627539
156,51.0,39.89317713894451,15,20.442530892769618,West,High,2054.9945649789397
157,63.0,38.029983764107705,21,37.81280693972516,South,Medium,2433.7017840785106
158,96.0,30.465605878940135,10,34.35312418663729,South,Low,2959.05128856489
159,52.0,64.71049544148329,23,43.052196334545805,West,High,3407.997959291677
160,96.0,44.137512854699395,26,36.16217720011514,East,High,4273.363411251257
161,4.0,76.982468665896,24,24.346898482556664,North,Medium,332.2767731461406
162,94.0,28.502182753807375,7,35.28349800774946,West,Medium,2714.488676865643
163,23.0,80.90108998430432,5,17.392152841493832,West,High,1878.1172224804932
164,15.0,64.33493785571251,1,18.784107445019572,East,High,983.8081752807072
165,43.0,20.284057005011896,13,40.5043321964357,West,Medium,912.7187834119472
166,29.0,47.30541257832649,21,25.0888782380712,West,High,1396.9458430095394
167,36.0,87.71663265516612,26,40.927115323325864,North,Medium,3198.725890909306
168,13.0,93.06642086186363,18,42.00900681507253,North,High,1251.8724780192997
169,32.0,51.91301100869319,13,43.59030519475777,North,Medium,1704.8066574729398
170,71.0,53.27532802801662,21,46.24858561285433,South,Low,3828.796875602034
171,59.0,92.6609252445371,21,,South,Medium,
172,86.0,62.83614017229105,18,19.349006824451248,North,Medium,5423.257061641481
173,28.0,12.956200321909451,5,31.198943596735123,North,Low,393.9725526101998
174,66.0,92.1474516591216,13,21.702759054693242,South,High,6103.434568556719
175,42.0,32.34037984814367,4,32.04833750601048,East,Low,1390.3442911280447
176,45.0,61.98687586823925,17,36.75136381897211,West,Medium,2826.1607778897383
177,62.0,24.896198568517644,3,35.97822583214616,West,High,1579.54253708024
178,57.0,13.049124422193549,17,21.85487991590546,North,Low,765.6549719809377
179,6.0,38.03258540194817,28,12.508709076443877,East,High,240.70422148813287
180,28.0,80.24461367914789,11,24.37382023079934,South,High,2271.2230032469406
181,28.0,34.98284553664763,21,11.416736483685893,North,Low,990.9364115098195
182,44.0,29.808749267298737,20,45.054366583271374,East,High,1356.6393343444158
183,84.0,29.141270590710366,23,20.564485733203583,East,Low,2468.4312153528745
184,30.0,56.365631416613134,21,11.95068862504957,East,Medium,1702.9196311234437
185,62.0,97.79871841144806,26,6.14514919575879,South,High,6069.6656907055385
186,75.0,51.30900892153117,4,34.06200738289179,South,Medium,3882.23767649773
187,92.0,60.15748320010431,2,33.66060428546345,West,Medium,5568.14905869506
188,89.0,87.45688161016605,20,20.327187496158125,West,High,7803.989650800937
189,62.0,58.15627470402928,16,8.227034998144296,East,Low,3613.9160666479597
190,97.0,26.601658427697046,28,,East,High,
191,1.0,36.96363205898294,18,19.004787277852714,South,Medium,55.96841933683565
192,27.0,37.89432336417498,8,35.470428788075424,West,Medium,1058.6171596207998
193,62.0,45.75863039118381,3,32.26006622537106,East,Low,2869.2951504787675
194,77.0,48.41100148030745,9,21.4067177688893,West,High,3749.053831752563
195,3.0,81.98038198668425,29,14.805164941474555,West,Medium,260.7463109015273
196,70.0,41.44482991443997,20,49.461618477001636,East,Medium,2950.5997124877995
197,72.0,52.14086455972414,29,25.430072953825167,South,Medium,3779.5723212539633
198,27.0,66.2478388345947,6,35.97234061011066,East,Low,1824.6639891441675
199,9.0,43.99533526961524,10,11.324883541026235,East,Medium,407.28290096756336
200,62.0,85.29083319630996,21,26.851536484672902,West,Medium,5314.88319465589
201,37.0,62.87082438106669,10,6.239152394125947,East,High,2332.4596544935935
202,97.0,36.46402112988744,13,27.745480305970247,South,High,3564.7555299050523
203,51.0,74.26532798108454,17,48.38078332029661,East,Medium,3835.9125103556084
204,44.0,57.48829571303072,9,22.28930208436101,South,Medium,2551.774313457713
205,24.0,58.10103021315222,17,6.754820565871022,South,High,1401.1795456815244
206,79.0,53.29791535488273,24,6.393010591370459,West,Low,4216.928323627107
207,59.0,54.73107539391241,9,22.45940419760913,North,Low,3251.5928524384417
208,,78.88206529596165,9,12.201122140843733,North,Low,
209,96.0,19.268333139818395,1,6.050844334768366,West,Low,1855.8108257573342
210,88.0,40.09265301794339,2,39.029612627757956,East,Low,3567.1830782067764
211,52.0,16.79530274235003,28,25.63353539968508,West,Low,898.9892780018868
212,62.0,77.79215986727057,16,18.016014738769453,South,Low,4841.129926509545
213,58.0,34.50716692482695,29,45.50374323574163,North,Low,2046.9194248757046
214,52.0,90.76873688369957,1,10.226253209023653,West,High,4730.200571161401
215,12.0,57.39206199933644,10,48.01634730298937,East,Low,736.7210912950267
216,39.0,82.06747943375089,18,19.12850228198088,West,Low,3219.7602001982655
217,2.0,98.10382920543651,26,44.97816525389066,North,Low,241.1858236647637
218,3.0,85.58099735109136,28,32.132429441575766,West,Medium,288.87542149484983
219,56.0,88.02943840103711,8,42.20183118836694,West,High,4971.8503816464445
220,81.0,46.71860458283602,21,49.28059234447089,North,High,3833.4875635541885
221,59.0,59.655033573340575,28,17.978244701843558,South,High,3537.625225528938
222,2.0,32.84997076389739,11,48.251096843341685,South,Low,113.95103837113646
223,2.0,27.650178972410753,23,22.526685270608915,North,Low,77.82704321543042
224,92.0,55.495709119543044,2,22.348035713161504,West,Medium,5127.953274711122
225,54.0,63.55440817303786,8,20.317419691452756,North,High,3452.2554610354973
226,,40.53441213065719,27,29.363342330641334,South,Low,
227,96.0,61.24991659871503,22,11.936526943031918,East,High,5891.928520419675
228,97.0,89.87144342621527,8,29.917016841110502,West,Medium,8747.447029183992
229,1.0,60.10494263050295,17,29.37671655845018,South,Medium,89.48165918895313
230,19.0,74.8731786679456,15,39.28558156721915,West,Medium,1461.8759762581856
231,2.0,82.47834706221145,17,42.51424828719135,North,High,207.47094241161426
232,53.0,98.98559037598984,28,24.819860764059083,East,Low,5271.056150691521
233,44.0,64.28776619592816,23,18.60499622081722,North,Low,2847.266708841656
234,90.0,82.61651340663273,24,16.67007037926925,East,Medium,7452.156276976216
235,32.0,96.63843866993872,13,13.758072651719237,West,Low,3106.1881100897585
236,70.0,94.9968753019546,19,7.59414119895612,West,Medium,6657.3754123357785
237,32.0,22.697366389994222,5,20.4101590475621,North,High,746.7258835273772
238,68.0,46.57530774461698,12,17.161146145885247,East,Medium,3184.28207277984
239,55.0,39.15910549961197,1,48.48878236398833,East,High,2202.2395848426468
240,75.0,17.82325134553144,23,30.096897181251975,West,Medium,1366.8407480961098
241,56.0,66.99166974198644,5,20.62746675637284,North,Low,3772.1609723076135
242,17.0,76.23141518764021,8,31.12104204471632,East,Low,1327.0551002346
243,38.0,86.33152859201951,13,11.263851560556297,West,Medium,3291.8619380572977
244,24.0,21.049920069643765,8,24.981968714099132,South,Low,530.1800503855495
245,69.0,88.87996682877645,25,33.18054446394787,North,Low,6165.898255649522
246,98.0,67.86330072528278,23,27.000402430660312,South,Low,6677.603873508373
247,70.0,73.35515216246586,11,23.080046029444592,North,High,5157.940697402055
248,86.0,91.95616031862735,1,49.723177500486415,West,Low,7957.952964902439
249,11.0,66.2285143938926,13,44.614164296701716,East,High,773.1278226295202
250,16.0,40.22792714348516,19,33.05326811717481,East,Medium,676.7001024129374
251,97.0,84.25965982803937,24,30.621981253202726,East,Low,8203.808984573023
252,73.0,42.67532909755815,3,32.92972159210628,North,Low,3148.2287457138514
253,59.0,13.080529973847622,24,14.059044852009496,West,Low,785.8103133090192
254,70.0,84.75890559087247,17,22.781198446894336,South,Medium,5955.904589807968
255,80.0,41.067293039314805,5,6.775678980090469,West,High,3292.1591221252747
256,93.0,79.64510708812062,20,26.3995716869072,South,High,7433.394530882126
257,3.0,42.64821051993509,21,29.436106278094844,North,Low,157.3807378379001
258,20.0,87.49612179772494,8,15.248738124644431,North,Medium,1765.1711740791432
259,59.0,29.755947257286284,26,48.381298122448115,South,Medium,1803.9821863023387
260,36.0,97.7092538678983,14,45.92545749217589,South,Medium,3563.4585967365147
261,19.0,80.17828973092277,4,37.496445595515766,South,Medium,1560.8839504830485
262,90.0,20.281413332835715,11,29.002398294441317,West,Medium,1854.3295982496556
263,67.0,60.919895796990446,20,44.148612184145826,South,High,4125.781630582506
264,19.0,98.68305810175612,15,10.879355472055831,North,High,1885.8574594054219
265,20.0,52.39589074244329,19,40.57294074236982,North,High,1088.4907555912357
266,,26.389642493942493,7,10.616936628508174,East,Low,
267,71.0,53.630053043531156,19,40.739479814723246,South,Medium,3848.4732459054353
268,52.0,56.12118902937294,28,17.409540571311062,West,Low,2935.7113700987043
269,33.0,76.7518249805799,19,44.469076145818505,West,Medium,2577.2793005049552
270,40.0,72.8961267844814,11,47.481894222142905,West,High,2963.3269656013986
271,39.0,46.22950392372825,26,11.695818623230203,East,Low,1814.646471648632
272,82.0,29.622079674467784,5,25.820402227942708,North,High,2454.8309355343013
273,1.0,68.05487509923965,5,49.14443201732083,West,Medium,117.19930711656048
274,11.0,47.95335410979536,22,26.753334618791598,North,Medium,554.2402298265406
275,92.0,21.904859001279736,8,43.85963851315453,East,Medium,2059.1066666308902
276,57.0,91.0515071112747,10,31.492918495909393,South,High,5221.428823838567
277,89.0,72.2099671848689,6,21.889845856382085,South,Medium,6448.576925309714
278,50.0,71.48654708009332,15,17.86025999866416,South,High,3592.18761400333
279,23.0,84.03254883205065,16,14.145039098873927,West,Low,1946.8936622360388
280,31.0,57.6695510789573,28,39.28091861199638,South,Medium,1827.0370020596727
281,94.0,83.35489855622114,17,22.394322807036254,West,Medium,7857.754787091824
282,42.0,54.82816781599052,8,28.0073957990338,East,Medium,2330.7904440706357
283,99.0,16.045785992413908,8,27.154646600053187,East,Low,1615.6874598490301
284,7.0,46.472327922491985,25,30.977556315490904,West,Medium,356.2838517729348
285,16.0,54.771840458190155,9,43.95097155310485,North,High,920.3004188841473
286,90.0,74.81823234690663,2,49.13327046125432,South,High,6782.77418168285
287,60.0,19.592085711580694,15,23.341289385821764,South,Medium,1198.8664320806633
288,2.0,22.60166847944041,18,42.238351494783636,South,Medium,87.44168845366445
289,1.0,33.73154223711548,3,39.40375075946229,West,Low,73.13529299657776
290,48.0,33.9848554033794,17,30.808802815500798,East,Low,1662.0818621777119
291,12.0,75.89661206131561,4,48.02212146253699,South,Low,958.7814661983243
292,69.0,32.565759450543794,4,14.021353198778126,East,Medium,2261.0587552863003
293,37.0,66.97882570217028,14,9.916889463932964,South,Low,2488.133440444233
294,32.0,54.48464651244443,9,43.428288512993994,South,Low,1786.9369769112157
295,9.0,61.59649403614606,9,24.761741748518673,West,High,579.1301880738333
296,99.0,85.42962668604662,25,43.11359843931772,North,Low,8500.646640357934
297,19.0,46.394335139412185,26,45.18905923379367,West,High,926.6814268826251
298,48.0,79.38202393578435,23,7.810591712858215,South,High,3818.147740630507
299,80.0,47.98324535956186,18,44.75591433437273,South,Low,3883.415543099322
300,3.0,41.84842389051245,10,25.174357491623997,North,High,150.71962916316136
301,20.0,96.27644595818985,21,27.96946200519045,East,Medium,1953.4983811689876
302,24.0,26.59338286110669,4,33.19666299919446,East,Medium,671.437851665755
303,54.0,18.130326451984708,12,46.6872173028539,South,Low,1025.7248457100281
304,33.0,79.38873329819306,27,5.860224249339382,East,Medium,2625.6884230897103
305,24.0,16.142473481868244,8,26.45795607430177,South,High,413.8773196391396
306,75.0,,2,35.94749190937523,North,Medium,
307,72.0,49.347405672151915,22,37.52181309642028,North,Low,3590.5350214913583
308,36.0,92.39623095627226,13,36.163959419169856,South,Low,3362.428273844971
309,38.0,74.9379575009715,21,11.049580823365483,North,High,2858.691965860283
310,84.0,64.93642003071619,16,18.472801476725657,West,Low,5473.132084056886
311,99.0,95.43761173519891,28,21.142198643765607,West,Medium,9469.465760428458
312,89.0,45.69844357468489,2,41.199674345577726,North,Low,4108.361152492533
313,99.0,95.86782428856698,11,17.544194258654887,South,High,9508.458798826785
314,25.0,22.150114967908625,10,14.481723374024142,South,Low,568.2345975717398
315,93.0,53.53794477391715,15,48.085160856714324,North,Medium,5027.114024831009
316,18.0,34.29201001529754,17,5.3988478301061,East,High,622.6550281054618
317,82.0,58.58585010173741,8,49.90193850568902,West,Medium,4853.941646848157
318,66.0,24.581249010242615,18,35.4569584485828,East,High,1657.8193931245953
319,54.0,85.73766942790391,23,42.28111847521027,South,Low,4672.115267582021
320,35.0,86.17670643831015,9,18.25787283557869,South,High,3034.442598176434
321,80.0,95.97126814511311,25,5.644187495017699,East,High,7683.345639104067
322,61.0,23.92049267949126,8,38.204128335268855,North,Low,1497.3541817842358
323,41.0,66.09992958144917,27,42.53650686503041,East,Medium,2752.6336197044466
324,33.0,52.68135778303326,14,38.32142593790836,East,Low,1776.806232778006
325,68.0,40.99453588398099,28,11.428262928537738,West,High,2799.056703039245
326,33.0,41.63861450207969,26,38.90425650156361,West,Low,1412.9785350701934
327,,47.151419554607706,25,39.601525194843845,East,High,
328,21.0,73.44329947200578,18,34.63432320515247,East,Low,1576.9436121172737
329,48.0,63.845745244133916,22,39.47521697580138,South,Low,3104.070988694229
330,20.0,51.3713361485018,20,43.06646478549795,West,Medium,1070.4931877555339
331,8.0,16.83400693326599,20,32.612185140685625,West,High,167.28424060681354
332,7.0,16.99888096710614,21,8.987212128635559,South,Medium,127.97937889837853
333,,10.210545156320043,12,26.94325143502449,North,High,
334,,97.09294493863779,19,8.494220060222228,West,Low,
335,33.0,10.472843670254642,14,23.339436396459387,West,High,368.9432775148626
336,48.0,19.27843714123704,17,23.319792010653245,North,Medium,948.6847747900312
337,76.0,38.313690112846984,24,7.9704429863108714,West,Medium,2919.8108915626817
338,59.0,82.6687226635085,21,20.69692402862657,West,Medium,4898.151561175628
339,86.0,96.58889071877059,3,9.994914445609169,North,High,8316.63951625988
340,22.0,81.10122029126705,26,41.370584450414995,North,Medium,1825.5974308582902
341,30.0,72.15042092010765,23,47.645961168401186,East,Medium,2212.158588771631
342,38.0,56.91706006722124,7,8.254241386607237,South,Medium,2171.1025239410146
343,51.0,17.803469067596524,17,47.98018432812656,South,Low,955.9571067755493
344,54.0,96.23537137035373,12,28.515946970153532,North,Low,5225.226000969255
345,8.0,,9,18.480455507924326,North,High,
346,27.0,67.50544468008357,15,8.458793387427358,West,High,1831.1057997496837
347,27.0,78.31322609849649,18,27.528092063168803,East,Medium,2141.985196722574
348,98.0,75.16929963458247,21,40.75319950208369,East,Low,7407.344563691166
349,21.0,67.35084218105382,13,36.818891477001415,North,Medium,1451.1865772791316
350,30.0,98.25191201619893,21,7.260170515878819,West,Medium,2954.8175310018464
351,97.0,91.30274313724225,8,8.280582591555659,West,Low,8864.646666904053
352,28.0,68.19984272054471,14,23.12929771846867,South,Low,1932.7248938937205
353,64.0,72.38576903112323,8,18.288072232157447,South,Low,4650.977290224044
354,97.0,14.6436225992839,14,15.457294537522152,West,High,1435.8886866680602
355,69.0,70.29257180950353,7,17.645202450892114,South,High,4867.832657306635
356,61.0,13.974889393909017,23,41.156723448359806,North,Medium,893.6249764768098
357,48.0,62.94373812729379,12,46.81526241343342,West,High,3068.1146925235357
358,19.0,99.94181496092514,11,23.22962125374049,South,Low,1922.1241055113182
359,4.0,60.02259232934617,22,45.77499509596237,East,Low,285.86536441334704
360,35.0,52.588910627320004,22,19.46730655615469,West,High,1860.0791785123547
361,64.0,38.156937085502875,11,26.43966438547062,West,Medium,2468.4836378576547
362,49.0,20.847032090781802,25,15.171304901719987,East,Medium,1036.6758773500283
363,17.0,75.79213043124534,22,33.821421897912984,North,High,1322.2876392290839
364,44.0,27.333912500706738,28,49.0541501828664,East,Medium,1251.7463002139627
365,92.0,20.37538191225559,29,32.15718932195204,West,Medium,1906.6923252494664
366,30.0,47.958639375746124,13,21.101633785109698,North,Medium,1459.8608150574935
367,93.0,81.58076541631877,18,34.151785069573776,South,Low,7621.162968787219
368,46.0,,2,10.53143053094244,South,Low,
369,6.0,,29,44.989658611942936,South,High,
370,99.0,50.962931653254046,21,27.638777785092635,West,Low,5072.969011457243
371,37.0,57.0191118464052,15,25.220738391783893,East,Medium,2134.9278767087762
372,24.0,68.009198556324,20,31.363915480408362,North,Low,1663.5846808321842
373,93.0,68.51506153989052,27,33.11527382552311,South,High,6405.015997035342
374,46.0,42.82275245115753,18,8.229911280193086,North,Low,1978.0765240334395
375,53.0,60.46094746031626,15,35.71777495505311,West,Medium,3240.147990351815
376,95.0,53.29556954596778,19,15.886925614198832,South,Medium,5078.9660324811375
377,99.0,89.6498520870953,23,37.12786846279654,West,High,8912.46322508523
378,60.0,57.72386193714102,24,42.01406574728885,East,Low,3505.44578197575
379,97.0,49.69289455733455,12,41.178132839863416,West,Low,4861.388904901315
380,63.0,46.403690471366566,13,29.86254353335501,West,Low,2953.2950432294488
381,85.0,61.518498349011914,22,28.407645153983804,East,Medium,5257.480004819997
382,32.0,82.35792814608078,11,11.429418260273527,North,High,2646.8831189348584
383,87.0,58.45613413427088,5,39.8905767681411,East,Low,5125.574246449708
384,33.0,69.54896575724874,29,17.213422120102145,East,Medium,2312.3292921093107
385,67.0,76.40701902158725,1,27.351294026807594,West,Medium,5146.621568473153
386,18.0,56.81512988908587,24,17.79233418173825,North,Medium,1040.464672185284
387,25.0,48.41353509893779,3,11.022276334986191,South,Low,1221.360653808431
388,95.0,88.89988400762046,22,33.330096360128145,East,Low,8478.819077084072
389,54.0,47.575547562510295,19,7.444941567030672,North,Low,2576.5245099425865
390,58.0,51.57485655180288,23,38.689035535679,East,Low,3030.030715540246
391,67.0,99.13071820075994,29,19.29140578675025,East,Low,6661.049525237667
392,46.0,10.021377121829612,7,5.0060611852018395,East,Low,465.989408789364
393,24.0,26.692561861905023,12,28.000811265675342,East,Low,668.6222959513959
394,32.0,44.55675009277532,15,7.108335883742141,West,Low,1432.9243388525522
395,47.0,93.93309184827275,25,17.427630101940476,North,Low,4432.28294697076
396,86.0,16.302673517272392,5,36.81394193550723,North,Medium,1438.843864420933
397,23.0,10.853689026564826,15,7.821032972983964,North,Low,257.45588058397493
398,66.0,14.741545237950573,8,42.77023215602011,East,High,1015.712217860758
399,27.0,17.968906955225634,10,5.17189651963624,West,Medium,490.33238431072834
400,2.0,13.383709588563478,26,16.1070741140856,East,Low,42.87449329121256
401,90.0,53.18031941708543,16,38.34068252684322,East,High,4824.569430064532
402,17.0,62.268148650459494,8,19.232156737818805,North,Low,1077.7906837956302
403,33.0,34.45182739621036,1,9.58515746297061,East,High,1146.4954615379124
404,9.0,45.845864557807204,12,21.210526346019254,South,High,433.8233073662841
405,43.0,18.252940160028714,5,17.16769788730365,East,High,802.0441247685384
406,48.0,40.27334174455798,3,42.92203559722497,South,High,1976.042439336008
407,39.0,57.026727247107075,1,19.10065629133144,East,Medium,2243.143018928507
408,,75.90446264661806,4,40.501961229920326,West,Medium,
409,42.0,10.30117258386813,8,45.13424651648306,West,High,477.7834950389445
410,26.0,52.05796898838873,3,24.52178388094383,North,Low,1378.0289775790507
411,99.0,36.7302588809394,10,45.94744147344764,East,High,3682.2430706864484
412,50.0,86.75396395227112,2,21.97931242834368,South,Medium,4359.677510041899
413,25.0,74.39979837108177,11,48.38352874205487,South,Low,1908.3784880190992
414,24.0,63.01976810238054,25,9.018028603650782,East,Medium,1521.4924630607836
415,13.0,34.95390811270963,10,35.915866992645924,South,Medium,490.3166724578711
416,60.0,91.93051918517808,21,27.22163182056179,West,Low,5543.052782931247
417,7.0,14.059060949829085,14,22.444196245504116,South,High,120.85762289430771
418,57.0,19.852083881120365,7,33.472034543687045,North,High,1165.0408157675477
419,36.0,45.24671264863205,27,36.67356912354491,West,High,1665.5552244742987
420,45.0,,27,5.196347134263909,West,High,
421,20.0,96.07741278034825,2,12.512888993623942,West,Low,1934.061144600589
422,65.0,81.8190389929045,9,37.08707227854434,East,Low,5355.324606817336
423,8.0,33.30843864416323,16,34.98734361101929,East,Low,301.45485276432515
424,16.0,62.96988060759208,13,48.47213773079047,West,Medium,1055.9902274522638
425,,98.40974635720734,9,39.24670056128524,East,Low,
426,76.0,89.57790803183526,20,47.784771847910214,South,High,6855.7057822673905
427,87.0,64.07186017979782,4,,East,Medium,
428,,91.33515704577434,22,18.412349388774942,East,High,
429,92.0,99.0266418832023,10,9.741421501288542,West,High,9120.1924747559
430,98.0,76.90175406042617,26,40.1820738505221,North,Low,7576.553971772287
431,66.0,15.848776853460462,26,33.986714966416216,North,Low,1080.0059872948068
432,32.0,46.142221278293874,22,7.1683705576983305,North,High,1483.7194514631024
433,87.0,85.40431617549208,12,21.202270965544024,South,High,7451.3777782333555
434,63.0,30.75122762245171,17,48.05599169679288,East,Medium,1985.3833319112507
435,86.0,84.75782659755622,14,27.518051556959055,North,Low,7316.691138946794
436,51.0,20.830488583149634,14,24.47281112088671,West,Medium,1086.8277288615182
437,25.0,14.22508214330317,25,25.596482232168228,North,Medium,381.2235358147475
438,58.0,44.56815503421246,2,14.399722580232368,North,Medium,2599.352714564555
439,63.0,13.305874368395227,21,21.591822688915784,East,High,859.861907897815
440,62.0,96.1543236684993,25,21.641596519422947,East,Medium,5983.20966396638
441,22.0,84.35851262145692,20,7.355975908436259,East,Medium,1863.2432535804885
442,58.0,82.06927184168876,11,39.54054328330632,South,High,4799.558310101254
443,58.0,66.68001306965378,16,23.742699435674552,South,Low,3891.183457475594
444,86.0,29.469162073289816,19,41.99809490673905,North,Low,2576.3460332096633
445,49.0,56.6434330008753,23,43.26566005039529,East,Medium,2818.7938770932847
446,52.0,63.754666518730694,6,14.539732461439613,North,High,3329.782391435436
447,42.0,57.25283507742414,24,34.580906697655784,West,Low,2439.1999799494697
448,70.0,33.42100311563746,19,26.252681187334176,West,Medium,2365.7228992819564
449,15.0,56.37231318832533,5,44.60705320646683,East,Medium,890.1917510313468
450,54.0,54.20677067817639,26,14.708330562940436,East,High,2941.8739471844656
451,60.0,99.67021982260519,4,35.50159401395199,West,Medium,6015.714783370263
452,97.0,90.76925332415834,15,32.348845501372516,East,Low,8836.966417944732
453,8.0,51.704267339405796,29,18.288566490732475,South,High,431.92270520597884
454,53.0,66.06436446416069,4,11.147040664302768,South,Low,3512.5583572648193
455,60.0,77.30844436830057,20,34.32378922147744,East,Low,4672.830451319512
456,5.0,13.137864421044242,10,38.23688561595488,West,Low,103.9262077211761
457,68.0,90.54292971050559,24,19.20323046935075,North,Medium,6176.122450783731
458,6.0,87.41141347761314,22,34.01746718100412,East,Medium,558.485948046683
459,96.0,51.168888799633656,3,22.780890842517646,East,Low,4934.994215607348
460,94.0,45.205278947234184,26,37.094309747717794,North,Low,4286.390530787731
461,47.0,34.566343737068344,5,13.96468737023239,East,High,1638.5828430124445
462,99.0,52.90091454973316,6,45.059675118627844,North,High,5282.250215542211
463,55.0,13.99389971799131,21,17.933431840951087,West,Medium,787.5979163304731
464,40.0,86.6974180012307,22,21.55036944902688,South,Medium,3489.4470894982546
465,52.0,,8,7.61413784361574,West,High,
466,16.0,39.61462288328839,7,10.018049554457438,South,Low,643.8520156870717
467,13.0,93.8430539487091,21,28.213785622054765,North,Medium,1248.173486955273
468,30.0,76.16913890711075,10,17.041670452758716,South,Low,2302.1158376660815
469,19.0,35.32518645197741,6,42.59661015839875,West,High,713.7751527459695
470,17.0,32.73841845647966,14,5.661202489472923,South,Medium,562.214316249627
471,63.0,10.457392583622337,4,22.05923219023713,North,Medium,680.8749649584444
472,19.0,72.61428635647752,28,20.18054960460917,South,High,1399.8519903776821
473,92.0,14.390522350585577,25,5.8697433912920465,East,Medium,1329.7977996451652
474,58.0,57.93422674606859,13,10.59657795502296,West,High,3370.781729227001
475,55.0,96.59097753328449,20,23.613920371338587,East,Medium,5336.117684701985
476,90.0,19.85219740490085,17,27.178906300135097,North,High,1813.8766727412117
477,90.0,90.50319378712607,23,23.19303862646911,South,Medium,8168.480479467816
478,62.0,99.23278016305433,7,28.89219552854422,East,Low,6181.324565637912
479,23.0,15.536532361531155,4,31.780925370755668,East,Low,389.12116968597223
480,9.0,89.46156422237152,29,5.446571950752603,South,Low,810.6006499520963
481,12.0,56.4471118399255,14,25.884282175407673,South,Medium,703.2496242545136
482,1.0,91.58623475001221,3,48.357465839941476,West,Medium,139.9437005899537
483,58.0,61.41870477276167,24,28.35645260582969,East,Low,3590.641329426007
484,1.0,69.59008090959082,5,35.489402035652894,East,Low,105.07948294524371
485,34.0,58.940101719765934,16,19.033873606259746,North,High,2022.9973320783015
486,96.0,87.80435922766137,26,39.829612016874314,West,High,8469.048097872364
487,48.0,76.05189270583315,23,39.781466684425176,North,High,3690.2723165644165
488,89.0,56.91342809623734,20,28.458322144436252,East,Low,5093.753422709559
489,1.0,88.13447236463922,4,48.92062204756461,North,Low,137.05509441220383
490,16.0,32.07569790298011,24,10.6497596643194,East,Low,523.8609261120012
491,,24.16065937322734,24,5.7626449200311445,East,High,
492,64.0,24.436009479706488,2,39.65711952906932,North,Medium,1603.5617262302846
493,63.0,40.06079908707141,18,41.32199918141971,North,Low,2565.152341666919
494,69.0,,19,10.409325310425931,South,Medium,
495,22.0,93.70813154587648,28,16.951227483137274,South,Medium,2078.5301214924198
496,93.0,19.52506844457256,28,5.789856351498301,South,Medium,1821.6212216967465
497,67.0,72.90916642356288,19,18.19888748512541,East,High,4903.113037863839
498,76.0,27.02993858065053,17,39.79138432634022,North,Medium,2094.066716455781
499,26.0,89.34734194933151,14,28.30822374706605,West,Low,2351.3391144296857
500,16.0,96.51837593664166,19,20.664301692572963,East,High,1564.9583166788395
501,51.0,51.892300789298524,22,21.728268270784863,West,Low,2668.23560852501
502,86.0,89.11643322053185,24,5.060913157196067,North,Low,7669.074170122935
503,57.0,10.46306536792433,13,18.491023740435615,East,High,614.8857497121223
504,29.0,83.79522256672901,12,34.09064337370687,West,Low,2464.152097808848
505,78.0,30.576264537243116,26,48.83874997173607,West,Low,2433.787383876699
506,92.0,91.78311783424311,6,43.11773721427548,South,High,8487.164577964642
507,69.0,10.100810033209854,21,6.0617734090488105,South,Low,703.0176657005287
508,47.0,60.05635615357813,4,45.43522721036777,South,Medium,2868.08396642854
509,94.0,78.09722234064412,19,40.24392859843817,East,Low,7381.3828286189855
510,62.0,33.28194976281172,16,40.11692556069412,North,Medium,2103.5978108550207
511,69.0,27.381957812856374,13,25.60980915516072,North,Low,1914.9648982422505
512,76.0,17.56884020211862,4,22.910238182952625,South,High,1358.1420935439676
513,16.0,39.37902188529637,23,18.631207797493666,South,High,648.6955579622355
514,90.0,60.38598810779465,17,7.95626865294646,South,Low,5442.695198354465
515,90.0,20.42594711022319,23,15.27059135721646,West,High,1853.6058312773037
516,48.0,43.90258257881189,1,16.097163574011105,South,Low,2123.4211273569817
517,85.0,10.816516418745246,18,26.783468136959073,West,High,946.187363730305
518,39.0,83.68114784498576,20,38.63499829685123,North,Medium,3302.199764251296
519,33.0,21.560384628387222,17,26.321442277907597,East,Low,737.8141350146859
520,94.0,35.50086534390235,27,7.603000225122227,East,Medium,3344.684342551943
521,23.0,11.658494686439573,28,48.100541044469175,East,Medium,316.2459188325794
522,10.0,48.90167055032611,27,47.42259435923505,East,Low,536.4392998624961
523,69.0,85.61093524670969,15,40.33352944167838,West,Medium,5947.488061464647
524,34.0,45.29360903006769,11,49.60975557038993,West,Low,1589.5924625926916
525,52.0,26.154759108145004,25,29.501704976011833,South,Medium,1389.549178599552
526,95.0,77.83289506454673,28,48.32457576139427,West,Low,7442.449606893334
527,10.0,80.99262836836698,22,8.402226827753784,South,Low,818.3285105114236
528,19.0,25.637812777681013,13,21.45563367176171,South,High,508.5740764477009
529,58.0,79.37686976868908,1,15.142157060304463,East,Low,4619.000603644271
530,96.0,95.25680994307042,17,,West,Low,
531,1.0,24.97398282390451,6,11.336132700170424,West,Medium,36.31011552407493
532,69.0,79.3885863278922,4,33.00861387046985,South,Low,5510.821070495032
533,4.0,73.77148041423663,20,40.159483508628725,South,High,335.2454051655753
534,16.0,52.62164995915796,16,31.02342797391623,North,Medium,872.9698273204436
535,24.0,15.212841450291847,15,11.613321931469436,North,Medium,376.7215167384738
536,80.0,16.72249759820686,27,41.50056964700619,South,High,1379.300377503555
537,2.0,86.71731932787829,15,33.61796182236778,North,Medium,207.05260047812436
538,92.0,99.11335354755823,6,22.467456775714798,North,Medium,9140.895983151073
539,32.0,70.8447031468079,15,35.335863299122835,South,Medium,2302.366363996976
540,91.0,50.136247630928935,14,16.69572406592748,South,Medium,4579.094258480461
541,84.0,68.28162790617168,28,20.533649382239474,West,High,5756.19039350066
542,24.0,63.49562733056908,11,46.28686294093956,South,High,1570.1819188745974
543,12.0,44.52510343650596,7,18.072702755213918,South,Medium,552.3739439932854
544,50.0,15.906353011661166,9,26.149472067107148,East,Medium,821.4671226501654
545,35.0,83.93616526666969,26,45.056351182820656,West,High,2982.8221355162596
546,33.0,43.46501763148521,16,36.847460762038736,West,High,1471.1930426010506
547,33.0,83.69070790213843,5,7.799145177411624,West,High,2769.5925059479796
548,61.0,32.7257874719544,25,11.628636992553666,East,Medium,2007.901672781772
549,51.0,10.092653186107006,20,5.352871584736257,South,Medium,520.0781840761936
550,43.0,24.304445494908087,29,33.39148056031235,West,Low,1078.48263684136
551,12.0,52.16854750917259,10,25.145304143468824,West,High,651.1678742535399
552,67.0,94.98732714620469,18,11.042368290602399,North,Medium,6375.193287086317
553,65.0,19.19742577243471,3,48.10703544755467,West,High,1295.9397106558106
554,33.0,86.87887970154094,13,28.834687577552895,South,Medium,2895.8377177284037
555,40.0,57.432168659067585,11,,South,High,
556,74.0,84.3328689219907,17,27.52716070196184,North,Medium,6268.159460929273
557,43.0,36.85369878909934,22,35.58291497307985,West,Low,1620.2919629043515
558,44.0,85.59524482052247,13,8.430764808810402,West,Low,3774.6215369117986
559,29.0,79.55405020151241,6,17.36167167715514,West,High,2324.4291275210153
560,13.0,30.704831472829053,17,41.313447089779714,East,Medium,440.47625623655745
561,12.0,21.820161376844027,27,25.684919168119755,West,Medium,287.52685569024806
562,95.0,88.12488902790636,13,29.595971391453272,South,High,8401.460429042558
563,46.0,96.69129880961187,19,24.476720099426117,South,Medium,4472.2764653415725
564,2.0,12.81720823727646,21,6.97549741893523,East,High,32.609913893488155
565,35.0,75.8143060276317,19,12.458740091907018,East,Medium,2665.959451059017
566,87.0,91.85720598530365,10,25.04937374338509,West,High,8016.626294464803
567,81.0,87.16240828832488,3,14.413345943356752,North,Medium,7074.568417297673
568,90.0,96.80684250431877,14,7.249056289685543,East,High,8719.864881678375
569,8.0,78.40846705942874,26,42.964234882332065,East,Medium,670.2319713577621
570,93.0,49.806888614281924,19,49.15366381238521,West,Low,4681.1943049406045
571,26.0,38.07567914456174,5,40.69142932985328,West,Medium,1030.6590870884586
572,74.0,38.86684663943147,29,43.420321476710015,East,High,2919.566972794639
573,90.0,75.19804053527052,5,15.888970864267042,North,Low,6783.712619038614
574,34.0,77.12533108278679,20,48.22821389809399,East,Medium,2670.4894707128446
575,7.0,28.03232291938414,17,13.861656700404277,West,Low,210.08791713609324
576,68.0,88.13105321414778,21,47.81434146628245,West,Medium,6040.725960028332
577,58.0,74.34316361820228,10,49.7668682284678,East,Low,4361.6703580841995
578,75.0,60.64752577090444,5,37.027526258572195,North,High,4585.591959076405
579,29.0,52.43792140922614,4,49.15146793063199,East,Medium,1569.8511887981902
580,36.0,58.89095252109623,6,30.629290080519667,East,Medium,2150.703580839984
581,89.0,24.332116445133803,26,16.679380242924065,West,High,2182.237743859833
582,21.0,28.333112434864677,4,24.66481485495294,North,Low,619.6601759871112
583,36.0,18.20480413655725,7,31.71024209204537,South,High,687.0831910081064
584,10.0,23.829223434500143,7,8.288670291215674,North,High,246.5809046362171
585,73.0,50.83242711447544,18,33.005446907776076,East,Low,3743.7726262644833
586,24.0,57.73189543554305,3,49.15300265430325,East,High,1434.7184931073366
587,64.0,11.607570323048744,1,13.554844240267743,East,Medium,756.4393449153873
588,99.0,81.71180450776248,24,40.666780232977246,North,Medium,8130.135426501463
589,49.0,36.47511760091301,25,45.85544572008287,West,Medium,1833.1362081648203
590,99.0,92.06524314639199,4,47.466571676909936,East,High,9161.925643169718
591,36.0,97.07601372523999,6,48.20610219824513,East,Medium,3542.9425963068848
592,82.0,26.691298720898892,9,28.465683742466236,North,Medium,2217.1521788561754
593,96.0,51.588756168909455,22,48.97885585961767,South,Medium,5001.499448074925
594,24.0,10.11086516497833,14,39.07895932104975,South,Medium,281.7397232805297
595,23.0,63.849453861018425,28,12.275214630663285,West,Medium,1480.812653434087
596,62.0,64.6575803436404,12,26.46050479105865,West,Medium,4035.230486096764
597,96.0,32.278596004303765,28,37.32490289174018,East,High,3136.0701193049017
598,37.0,60.25714053248782,25,16.13031421185875,North,Medium,2245.6445139139078
599,12.0,30.29861281993619,20,33.82768325969993,East,Medium,397.41103709893423
600,55.0,24.474292217037107,24,34.99702155709787,West,Low,1381.083093494139
601,13.0,68.63675201220383,25,12.321488471385464,North,High,904.5992646300352
602,23.0,39.333291755686744,4,30.42883906037403,North,High,935.0945494411691
603,89.0,63.123754499706024,21,39.723210994037345,West,High,5657.737361467873
604,99.0,48.992207407449,24,27.450304904117388,South,High,4877.678838241569
605,30.0,98.59162666626135,12,5.544640254924834,South,Medium,2963.293440242765
606,17.0,23.46225784008092,10,5.406731108568148,North,Medium,404.26511438994373
607,62.0,51.81387369722292,22,21.06632047865055,East,Low,3233.5264897064712
608,84.0,71.24109637233927,28,46.67873307943019,South,Low,6030.930828355929
609,89.0,45.599057549197184,7,15.290455082162394,East,High,4073.6065769607117
610,86.0,97.72298666836208,3,33.54636599922593,South,Low,8437.723219478365
611,13.0,74.96988651342416,23,14.993414181199427,South,Low,989.6019388557135
612,59.0,69.12854718080438,28,19.475149534679687,East,High,4098.059433202138
613,19.0,78.1353340850101,14,43.161894032066776,West,High,1527.7332416472586
614,,95.73837742348454,24,37.79876490214761,South,Low,
615,12.0,91.7036787686176,10,9.292967479094479,South,Medium,1109.7371127025058
616,61.0,75.18567773137707,16,24.29159094438951,East,Low,4610.617932558391
617,19.0,77.42454751911548,16,6.312639364036901,West,Low,1477.379042227231
618,76.0,23.13298666316309,22,26.640056597135406,South,Medium,1784.7470429975303
619,9.0,19.25131640433991,10,34.80953052654806,South,Medium,208.07137816560726
620,71.0,61.38140516597479,25,10.33261806191682,West,High,4368.412384846127
621,28.0,11.6530873246486,13,17.999822250912455,South,High,344.2862673410733
622,,53.41207433964324,6,22.902648147597063,West,Low,
623,95.0,28.931462192698174,12,46.37889610952224,West,Medium,2794.867804415849
624,52.0,41.141491088035565,9,49.69647569403338,East,High,2189.0540122718826
625,83.0,79.82242622136604,13,7.021008454802713,North,Low,6632.282384828184
626,16.0,94.71137538091479,4,39.245356557292645,West,Medium,1554.6273626519292
627,69.0,16.517464493170735,24,21.727582988105446,East,Low,1161.4326330168863
628,99.0,58.08179853788006,11,22.6606183803266,North,High,5772.758673630453
629,12.0,89.428013723764,20,38.941923800616024,South,High,1112.0780884857838
630,25.0,17.425768099637914,18,46.32918944654339,North,Medium,481.9733919374913
631,52.0,84.20626422071504,26,47.79178675261468,West,Low,4426.517526229797
632,85.0,42.202121583544425,11,30.970516371724436,West,Medium,3618.1508509730006
633,53.0,38.98852319974018,25,21.07045216852263,West,High,2087.462181754752
634,23.0,97.97197476833072,21,40.439708863645066,West,High,2293.795128535252
635,16.0,28.077318087606475,4,16.29506224680351,West,Low,465.5321516485071
636,57.0,72.3874546740413,18,30.3833312975083,East,Low,4156.468247717862
637,39.0,83.92966552088798,1,21.136030768619293,West,Low,3294.3929860832504
638,53.0,13.70651457513445,27,34.548398316854424,East,Medium,760.9936707989804
639,42.0,70.3346912518971,7,15.817951080207811,South,Low,2969.874983659886
640,58.0,95.63949769197943,6,13.62168255806716,West,Low,5560.7125486928735
641,39.0,21.17979700552534,15,46.320758900394665,West,High,872.332842115883
642,14.0,90.65991724165345,18,9.581165732729161,North,High,1278.8200071158774
643,95.0,63.52989736392425,24,27.768105848071926,South,Low,6063.108355420875
644,5.0,65.49441236762266,11,14.938375233335401,West,Low,342.4104370714487
645,35.0,65.16497573790454,20,6.751848349655035,West,High,2287.525999176314
646,87.0,36.89522977035824,24,6.620846823114188,South,Low,3216.5058368442815
647,93.0,94.16816337695137,15,12.88497974476223,East,Medium,8770.52417380124
648,75.0,95.26154163679348,16,44.00466595277001,West,Medium,7188.620288712281
649,18.0,66.2774194192553,7,17.7115434789662,North,Medium,1210.7050930255614
650,76.0,80.50804533474532,21,47.77066267588831,West,Low,6166.382108116532
651,9.0,65.10321872930422,10,31.17300318451371,North,High,617.1019717482517
652,74.0,53.595860281663654,26,24.647638539594475,North,Low,3990.7412993827047
653,58.0,69.47381064693256,12,31.103997560125457,West,Low,4060.5850150822143
654,17.0,59.77013073327626,24,28.25142733518205,West,High,1044.3436498008784
655,7.0,63.77282763687371,14,39.14493141907963,North,High,485.55472487719555
656,46.0,80.54492980769757,25,17.712322968778352,South,High,3722.7790941228664
657,13.0,53.281344830408635,5,20.887267622013606,South,Medium,713.5447504173259
658,40.0,13.66786954832255,26,45.234243613996284,West,Low,591.9490255468984
659,42.0,24.75995328905475,21,47.59054309176825,East,High,1087.5085812320676
660,9.0,49.47464948405845,18,45.165120236891354,South,Low,490.4369655934174
661,50.0,75.23439038866525,5,23.87515972807911,West,Medium,3785.594679161342
662,27.0,63.39507834791608,3,40.116447635309676,South,Medium,1751.783563029044
663,66.0,68.52647672861085,23,26.435107998549444,East,High,4549.182572086865
664,5.0,53.135103571865855,26,27.389293346574597,West,High,293.0648112059039
665,29.0,65.41678197480185,5,14.210604907577778,East,Low,1911.2972821768315
666,37.0,,24,31.60086364663324,West,High,
667,38.0,52.31643334269986,17,13.376115398900657,East,Low,2001.4005824214955
668,83.0,76.985115903546,19,19.92041145802372,South,High,6409.685031452342
669,8.0,88.4649501075809,19,43.47635907289708,South,Low,751.1959599335444
670,65.0,49.028980056075,25,14.318411414488486,East,Low,3201.202115059363
671,86.0,13.929549193662506,21,8.202122832804477,East,Low,1206.14335348778
672,17.0,24.550528973212238,12,8.105341667576734,East,Low,425.4643342121848
673,71.0,11.87750253623843,25,47.33530342263985,West,Medium,890.6379834955684
674,89.0,68.79367173135971,29,27.811419708282557,South,Low,6150.448203799297
675,45.0,39.9083162819598,9,23.423543231765827,West,High,1819.2977759199566
676,4.0,58.82307721474307,1,41.48953614535633,South,Medium,276.7818450043286
677,36.0,54.394916210541965,18,42.61216675597322,North,Medium,2000.829150335484
678,70.0,17.337384059718403,21,19.948596490202206,West,Low,1233.5654806704904
679,31.0,46.293522501144864,4,36.21281258632079,South,Medium,1471.3120101218115
680,19.0,29.850501243009095,10,39.700526713334895,South,Low,606.8600503305076
681,61.0,47.65598098008874,25,34.459280908967955,West,High,2941.4741206943813
682,54.0,28.32204523080184,7,11.821778366004471,West,Low,1541.212220829304
683,39.0,85.64071656492402,22,44.41473875826757,South,Medium,3384.402684790304
684,91.0,25.677400292042826,23,29.25925487312039,West,High,2365.9026814490176
685,74.0,96.47024963382792,1,17.711259186650167,East,Low,7156.509732089916
686,90.0,47.431662953224674,17,24.135268344696225,West,High,4292.984934134917
687,19.0,86.16207628171443,24,6.690699067950832,West,High,1643.7701484205252
688,39.0,66.58883363853505,29,10.75400605500879,West,Medium,2607.7185179578755
689,67.0,76.18152687991774,29,39.44960377321374,South,High,5143.611904727702
690,45.0,79.09514992601022,2,5.000523563991476,East,Medium,3564.2822702344515
691,13.0,55.4360393703716,28,23.745462281703148,North,High,744.4139740965339
692,92.0,58.89704710269596,26,28.51295814885148,North,Low,5447.04129159688
693,58.0,56.25962810278525,11,7.458548900043754,East,High,3270.516978861588
694,20.0,62.925254028107126,9,48.78851733375498,East,Low,1307.2935978958974
695,92.0,12.645500118085657,7,15.175639906235237,East,Low,1178.5616507701159
696,72.0,45.59636528641137,22,18.68894238363264,South,High,3301.6272430052513
697,61.0,64.55698422050544,17,18.67741305147623,North,Low,3956.6534505023083
698,39.0,63.79512087302779,17,15.368749795280745,East,High,2503.3784638433644
699,1.0,81.36604851450684,2,5.066321993884014,South,High,86.43237050839086
700,3.0,,6,37.82051573395984,North,Low,
701,77.0,99.29199847066052,14,48.50804749096784,West,Low,7693.991929731828
702,92.0,35.54690757477805,6,15.093206747827027,South,Medium,3285.4087036274072
703,62.0,42.32359266996083,2,34.83712363115401,North,Low,2658.8998691687257
704,63.0,44.54624366810167,1,38.38533471314218,South,Medium,2844.798685803547
705,25.0,51.92315263182237,10,43.17914205907361,North,Low,1341.2579578546329
706,56.0,85.23982574030885,21,24.01831386561241,North,High,4797.448555322908
707,33.0,31.22128845632889,5,18.631890753819317,West,Low,1048.9344098126726
708,38.0,79.84001863318865,2,19.6382810310364,South,High,3053.558989092205
709,6.0,46.4779164777169,22,37.06795998943308,East,High,315.93545885573445
710,58.0,64.16698452958076,16,41.755075992753625,West,High,3763.4401787084375
711,44.0,66.92864799036755,25,13.17262854904712,West,Medium,2958.0331401252192
712,,43.5563773470041,2,21.692345367099435,North,Low,
713,32.0,56.135368468522465,10,45.587308853711754,East,High,1841.9190998464305
714,45.0,47.17280571829273,2,41.30120838626326,South,High,2164.077465709436
715,61.0,16.22195075679575,16,49.31862812431141,East,Medium,1038.857624288852
716,47.0,49.34488499351439,16,38.94117168569363,East,Low,2358.1507663808698
717,21.0,18.765405329819696,19,22.693784046256503,East,Low,416.7672959724701
718,80.0,46.451871917228935,29,31.5787025297587,East,Medium,3747.7284559080736
719,85.0,63.36265598486037,7,34.745641441129415,East,Medium,5420.57140015426
720,75.0,62.14734094091507,22,8.530511734270577,North,Low,4669.5810823029005
721,36.0,69.63591511074884,12,29.50236315967393,North,Medium,2536.395307146632
722,99.0,18.573535715916364,24,36.919437281267435,West,Low,1875.6994731569873
723,19.0,68.69109209773941,15,12.529458680047718,North,Low,1317.6602085370967
724,20.0,38.09332510268024,8,40.12842728415007,West,High,801.9949293377549
725,57.0,45.914135152339995,6,31.269775123135023,West,High,2648.3754788065144
726,18.0,87.21876285304351,28,47.84998035639176,South,Low,1617.787711711175
727,47.0,10.812736371659522,27,6.909003419310126,East,Low,515.1076128873077
728,49.0,62.95713700065449,10,16.939676189996014,North,Low,3101.839389222066
729,14.0,63.88425820900968,3,32.069924568492084,South,Low,926.4495394946276
730,15.0,45.69937987092058,19,18.34519604926688,North,Low,703.8358941130756
731,31.0,31.332507139750255,17,37.1490873832059,West,Low,1008.4568087154638
732,1.0,31.1206634435396,7,39.1552377134869,North,Medium,70.2759011570265
733,54.0,89.53387026946773,21,9.61321838299135,East,Low,4844.442212934248
734,3.0,49.78219364045718,20,28.123450889304547,West,Medium,177.47003181067606
735,16.0,39.78004266902548,26,27.900075001597514,West,Medium,664.3807577060052
736,87.0,50.38998164482627,4,21.61763465969935,South,Low,4405.546037759585
737,57.0,70.24513613134252,14,46.981618815635244,East,Low,4050.9543783021586
738,75.0,23.11809114202765,20,42.237784394294955,West,Medium,1776.0946200463688
739,12.0,50.44904516923639,22,36.37442218593365,East,Medium,641.7629642167703
740,74.0,62.90959339993483,15,37.14469860807489,North,Low,4692.454610203252
741,96.0,95.37250193662904,24,25.77722647159036,East,Low,9181.537412387977
742,16.0,32.72750038678773,8,46.44475344934592,West,Medium,570.0847596379497
743,72.0,42.3325673124621,21,36.256794226397844,South,Medium,3084.2016407236692
744,76.0,44.14227309301814,15,37.80414777451174,West,Medium,3392.6169028438903
745,24.0,64.49843418803945,22,43.776090670430534,East,High,1591.7385111833773
746,28.0,42.10588477360015,20,17.333221520398595,East,Medium,1196.2979951812029
747,8.0,58.016073276972605,28,41.318190674001634,West,High,505.4467768897825
748,92.0,80.36112968605265,14,13.785827133042142,East,Low,7407.0097582498865
749,36.0,73.48470347009832,27,20.54038785101995,North,Low,2665.98971277456
750,90.0,50.1731781861327,29,20.102470442142923,West,Medium,4535.688507194086
751,8.0,87.7794559906752,9,49.03364607751133,South,Low,751.2692940029129
752,58.0,60.23262246344766,8,43.544175068656706,West,Low,3537.0362779486213
753,60.0,58.59152555519913,26,36.55264377156169,North,Low,3552.044177083509
754,50.0,13.076898934524236,28,37.71755427269255,North,Low,691.5625009989044
755,28.0,98.80236823214454,26,30.293275748115697,North,High,2796.759586248163
756,92.0,21.067372767666406,17,47.619080019883356,North,High,1985.8173746451926
757,41.0,30.801782118488195,2,27.33164387970627,North,Medium,1290.2047107377223
758,64.0,14.652715351737427,25,22.123296944145252,South,Medium,959.8970794553406
759,27.0,67.60026701532223,24,12.336590161921595,East,Medium,1837.5437995756217
760,63.0,30.223105927541198,3,40.37925435174761,North,Low,1944.4349277868432
761,17.0,26.200939372545115,8,38.04997694340162,North,Low,483.46594627666855
762,73.0,17.970002580091723,12,22.29597673358607,West,High,1334.106165080282
763,33.0,19.29780614116141,1,6.133703628165321,South,High,642.9613062864919
764,84.0,62.62036303983299,10,42.75487974731048,South,Medium,5302.865375093281
765,77.0,71.93870792799359,20,5.513809255433314,East,High,5544.79431971094
766,92.0,45.76410896179609,3,36.666490083307295,South,High,4246.964514568548
767,29.0,53.19073734328659,6,48.66156993767257,West,High,1591.1929528929836
768,13.0,71.73709623846857,7,24.694759766669154,West,High,957.2770108667605
769,46.0,11.564181116693167,20,15.573803224817874,East,High,547.5261345927036
770,35.0,39.08175913632507,23,36.719195451952174,West,Medium,1404.5807652233295
771,6.0,97.57879732633118,25,41.77076639070133,North,Medium,627.2435503486884
772,82.0,62.21010067259213,27,29.58936422350313,North,High,5130.817619376057
773,69.0,32.880212190774394,18,48.51658738652658,West,Medium,2317.2512285499597
774,47.0,56.95570419725918,11,7.325092474608249,East,Low,2684.2431897457896
775,25.0,40.83881393088238,19,27.715801923703765,South,High,1048.6861501957633
776,66.0,57.90204899436692,5,37.33042762951475,East,Low,3858.8656612577315
777,10.0,21.316736062598395,19,43.81882120171306,South,Medium,256.986181827697
778,56.0,21.944318843734965,11,13.066502535850551,West,Medium,1241.9483577850085
779,30.0,22.918812583545357,24,41.000156679365666,West,Low,728.5645341857264
780,5.0,94.58378127341575,12,29.871818407334537,North,Medium,502.7907247744133
781,33.0,75.96090265072077,10,22.844915689548344,South,High,2529.554703163334
782,65.0,24.61437051960888,8,10.927176286059211,East,Low,1610.8612600606364
783,18.0,26.95141753890413,24,43.938309150901055,West,High,529.0638248511755
784,96.0,75.77465273837888,28,12.077294368087191,East,Low,7286.443957252459
785,49.0,24.054746031295654,28,18.940453664409468,North,Medium,1197.6230091978964
786,11.0,31.11051640013458,9,18.05204893830966,South,Low,360.26772933979004
787,85.0,96.70121495383592,4,44.213631538588444,South,Low,8263.81690261464
788,26.0,32.977587225558864,5,35.27163473940041,West,High,892.6889026039308
789,63.0,69.5469115334032,21,40.85066287361175,South,Medium,4422.306089478013
790,,98.07681586604774,8,16.271055445662455,West,High,
791,86.0,43.68670904258134,23,,North,Medium,
792,59.0,11.576439177585602,9,30.72856924146869,South,High,713.7384807190192
793,27.0,31.973256138013685,15,42.4773669554722,West,Low,905.7552826818418
794,49.0,84.7789472207535,15,45.77391772165672,East,High,4199.9423315385775
795,77.0,87.8147952359533,16,5.547054716482406,West,Medium,6767.286287884886
796,33.0,79.1667428071412,14,35.33089635764567,South,Medium,2647.8334089933055
797,98.0,20.179883716891574,8,7.332610960387806,North,Low,1984.9612152157622
798,99.0,81.59593345267628,18,29.698639928481015,South,Medium,8107.696051743432
799,1.0,92.68100172941539,10,17.94347280696552,South,High,110.6244745363809
800,21.0,64.05485882916125,28,18.804946978496353,West,Low,1363.9569823908826
801,55.0,94.67878207042584,20,20.883132655356047,East,Medium,5228.216146528777
802,6.0,84.41549953406897,6,32.95816020723245,South,Medium,539.4511574116462
803,92.0,70.02743652918166,12,20.032248455094614,East,High,6462.556409139806
804,81.0,61.94667130405733,2,37.97145727656262,West,High,5055.651832905206
805,69.0,41.371630051777345,7,23.203732350824136,East,Low,2877.846205923461
806,95.0,24.33587007185246,16,8.075894013948137,West,Medium,2319.983550839932
807,5.0,64.44585304214868,3,40.26919291178483,North,High,362.49845812252823
808,3.0,38.63003982563075,13,17.85912460667177,East,Low,133.74924408356404
809,53.0,87.97948007748809,3,24.474509581966817,East,Medium,4687.386953688836
810,23.0,99.40032436227656,27,35.844974744985564,North,Medium,2322.052435077346
811,53.0,77.71849863540153,18,19.96052707169204,East,Low,4139.040954747973
812,37.0,18.14335257583457,11,7.546354526602203,North,Low,678.8503998324812
813,74.0,35.98170359775743,8,21.826447115576613,South,High,2684.4725133496268
814,74.0,19.819866858917475,6,47.50018622124365,West,Medium,1514.1703337811368
815,83.0,68.54604830125442,1,33.87804787843512,North,Medium,5723.2000568825515
816,17.0,78.86717781002062,28,35.21656169002431,East,Medium,1375.9585844603748
817,85.0,93.31073477926407,1,33.45269691369379,North,Low,7964.86515315114
818,78.0,49.43551117707889,23,13.954646253174655,East,High,3869.924518065328
819,73.0,91.12380846295999,8,23.825023884602604,South,Medium,6675.863041680681
820,1.0,89.01020431371948,5,38.792290926349324,North,Low,127.80249524006881
821,51.0,38.54761450888587,28,9.561780389892162,South,Medium,1975.4901203430716
822,45.0,88.2010562986514,16,17.503374924037054,West,High,3986.5509083633497
823,77.0,43.81050266935539,11,17.434359880963413,East,Medium,3390.843065421328
824,4.0,36.71823471042527,5,24.44085174175277,East,High,171.31379058345385
825,62.0,68.41671929149538,4,49.116593342398325,South,High,4290.953189415111
826,65.0,39.5543105096573,6,8.037614600771988,West,Medium,2579.0677977284963
827,32.0,66.71878734962297,14,28.341544747126775,North,Medium,2163.3427399350617
828,,64.8848624948825,22,13.07141069054947,North,High,
829,92.0,60.709503461361294,19,48.68044454343848,East,Low,5633.954762988677
830,95.0,44.23777338095179,9,10.09865771273589,South,High,4212.687128903156
831,72.0,59.364974948632906,12,23.162045106271606,South,Medium,4297.440241407841
832,39.0,63.683692748687946,11,38.204824317557275,North,Medium,2521.868841516387
833,26.0,59.111819964592605,14,36.704949261235036,West,Low,1573.6122683406427
834,34.0,49.99775074760814,23,24.02278866022695,West,High,1723.9463140789037
835,54.0,11.320035134163742,16,20.59358755787232,North,High,631.8754848027144
836,3.0,62.835553693103584,1,22.892557034879175,North,High,211.39921811418992
837,50.0,25.159994662844767,13,16.89243184213877,South,Medium,1274.8921649843771
838,12.0,67.83183720524707,23,14.239982241805992,West,High,828.2220287047709
839,,78.34098951305793,21,26.736786390150048,North,Low,
840,54.0,55.04007782176673,21,17.08401902304233,North,Medium,2989.248221398446
841,5.0,58.812729848176446,13,17.935774920376254,East,Medium,311.9994241612585
842,94.0,95.6330703699392,2,34.55402285635507,North,High,9024.06263763064
843,94.0,86.24506252353167,4,48.584179926495146,North,Low,8155.6200571384725
844,57.0,92.2812864356323,28,32.16367402517188,West,Medium,5292.197000856212
845,17.0,83.23896594876278,6,8.464076017923482,South,Medium,1423.5264971468907
846,47.0,,26,8.401262623433015,West,High,
847,23.0,23.409267037317523,27,47.81404493805047,South,High,586.2271867963534
848,79.0,57.39614175420636,23,18.378085563830012,East,Low,4552.673284146133
849,85.0,32.14626929181984,27,9.143014373711395,North,High,2741.575904178398
850,14.0,52.902592753704326,5,31.95700642176717,East,Low,772.5933049736277
851,66.0,45.49287914365152,25,33.06419502306197,South,Medium,3035.594218504062
852,75.0,59.447281458740804,3,34.18271690534097,West,Low,4492.728826310901
853,51.0,77.21881445222404,1,17.033091253589358,West,Low,3955.192628317015
854,38.0,74.3941816389347,4,5.679980789651377,East,Low,2832.65888306917
855,64.0,56.91107192368009,25,48.425691625451236,South,Medium,3690.734294740977
856,98.0,84.01540769353522,20,16.29018705609961,East,High,8249.800141022552
857,38.0,48.777588238423,2,35.42118296236464,East,Medium,1888.9695360224387
858,50.0,90.70428608561102,26,36.79834414454193,North,High,4572.012648425093
859,98.0,16.415224304964752,5,32.450333768576854,East,Low,1641.1423156551227
860,82.0,95.91940270299767,3,19.08083273961417,North,Low,7884.471854385423
861,30.0,68.92237732882134,29,17.199331419382958,North,Low,2084.870651284023
862,79.0,44.20670580434847,28,31.89507272162164,West,Low,3524.224831265151
863,91.0,27.74387139155896,29,43.97430351252612,North,Low,2568.666600144392
864,51.0,53.126490649923994,9,47.6030178015528,North,High,2757.054040947676
865,63.0,27.51024908667709,20,9.765761198169093,West,High,1742.9114536588256
866,98.0,24.969844696882795,6,11.967287566897394,East,Low,2459.0120678614117
867,52.0,65.56165816716768,18,47.51313164523859,South,Medium,3456.719356337958
868,38.0,57.07762521236062,6,38.14408527506566,South,Medium,2207.0938433447695
869,97.0,70.30864311498476,19,44.734722117339786,South,Low,6864.673104270862
870,88.0,93.66452896797902,28,14.118468536090441,East,High,8256.597017718246
871,79.0,57.90341920051362,12,31.441364199923083,North,Medium,4605.811481040499
872,30.0,62.283884793651794,25,36.55128174878631,South,Medium,1905.06782555834
873,51.0,18.06637052394479,11,35.60503484511377,East,Medium,956.9899315662981
874,81.0,74.58722073177665,2,23.366826089001414,North,Low,6064.931705362911
875,5.0,45.99146861237406,15,5.692770126108881,West,Medium,235.65011318797917
876,29.0,97.9052714796321,12,31.23167255619184,South,Medium,2870.484545465523
877,4.0,84.08566140360942,12,16.389569263082393,North,Medium,352.73221487752005
878,10.0,57.02329364645065,9,25.261441076430064,South,Medium,595.4943775409365
879,56.0,21.090038875494944,21,48.09114567877178,South,High,1229.1333227064886
880,17.0,87.34742139525302,24,22.956589293909563,South,Low,1507.8627530132107
881,74.0,81.98029858816194,2,42.7910722998992,North,Low,6109.333167823884
882,17.0,26.612661658332968,22,13.4843272587163,East,High,465.89957545037674
883,84.0,36.5750460298279,3,35.260722411126295,North,High,3107.56458891667
884,88.0,81.40665323330536,12,48.96531294975246,South,Low,7212.750797480625
885,69.0,26.67056018926687,28,9.585189539282155,North,Medium,1849.853842598696
886,34.0,92.59772402542396,26,5.374397400223641,West,Medium,3153.6970142646383
887,6.0,48.20746826767257,16,24.511225668467645,East,Low,313.75603527450306
888,53.0,17.83350663288928,21,9.168146737311524,North,Medium,954.3439982804433
889,66.0,,28,38.67729573543041,West,High,
890,77.0,43.61587147345489,24,46.15468987318515,East,Medium,3404.576793329212
891,43.0,57.38492747384029,26,24.530943771894147,West,Medium,2492.082825147027
892,75.0,20.107390997009723,1,16.642023896994843,East,Medium,1524.6963486727243
893,23.0,10.232561336048414,21,24.54814935529744,North,Low,259.89706008441095
894,55.0,67.4186685213968,3,37.55515180325005,West,High,3745.5819204800737
895,80.0,56.36576533003584,20,5.407437271116694,South,Medium,4514.668663673984
896,95.0,63.418471221083244,2,31.525429526811372,West,Low,6056.28019552972
897,75.0,81.43694653424647,9,32.59812581993206,East,Medium,6140.369115888418
898,16.0,68.19453220805741,19,33.695971110317096,North,High,1124.8084864392356
899,8.0,25.729609854463945,15,15.890993599139474,East,Medium,221.72787243485104
900,4.0,42.46952671995398,18,37.1323725520157,West,High,207.01047943183164
901,4.0,91.53019943089843,26,9.112616884929938,West,Medium,375.2334146085237
902,56.0,79.29502302265111,11,13.967165141006037,South,High,4454.488454409468
903,25.0,60.09733521430455,25,44.48615209945169,North,Medium,1546.9195324570653
904,67.0,33.008049802834506,23,38.24254178269548,North,High,2249.781878572607
905,96.0,37.185445165131554,16,5.618549930510536,West,Medium,3575.42128578314
906,67.0,75.8762260827071,22,16.176931716641008,North,Medium,5099.884079258017
907,27.0,86.60568347674938,17,14.648291734692405,South,Low,2353.001745606926
908,93.0,70.4282202577553,5,17.186284761663764,East,Low,6567.010768732906
909,32.0,82.85769781915975,12,16.14018966259489,North,High,2667.586519875707
910,50.0,78.99905216803654,11,7.813683308428058,West,Medium,3957.7662917102552
911,61.0,23.473357116126195,15,25.652323246856916,East,High,1457.5271073305548
912,51.0,48.15503316219718,27,37.97300636537743,East,Low,2493.8796976374333
913,19.0,23.76854207457064,3,32.302927612284634,South,High,483.90522702912676
914,21.0,31.171202632178634,1,35.27922508691359,West,High,689.8744803626649
915,5.0,88.23336621859472,20,8.651713034130761,North,Low,449.81854412710436
916,82.0,52.560276906986395,29,47.81708195795542,West,Medium,4357.75978833084
917,92.0,58.18222916583948,16,42.73213252293612,East,High,5395.4972157801685
918,42.0,26.06013687049949,2,41.22906433230482,West,Low,1135.7548128932835
919,61.0,38.104460744391645,2,42.03427122687954,North,Medium,2366.40637663477
920,22.0,30.722155158508293,3,46.97197286597426,North,Low,722.8593863531568
921,21.0,28.55675480665838,8,29.491428475116397,South,High,629.1832794149424
922,70.0,67.41647139843731,24,14.012690804043165,North,Medium,4733.165688694655
923,1.0,33.119546288114336,28,32.75526235336435,North,Medium,65.8748086414787
924,5.0,66.88139374183766,15,38.42966721505726,West,Low,372.8366359242455
925,12.0,15.260915269769852,7,38.20628270093114,West,Low,221.33726593816937
926,90.0,22.75969541743917,6,28.465206087509603,East,Low,2076.8377936570346
927,46.0,34.70862286001129,9,8.080642370011013,South,Medium,1604.6772939305304
928,34.0,63.73422252061225,20,21.70008222935575,West,Medium,2188.6636479301724
929,49.0,70.82571205786384,28,46.43449738085108,North,High,3516.8943882161793
930,78.0,49.84452701015744,1,31.30020093908417,East,Medium,3919.1733077313647
931,90.0,50.121182311950605,8,29.224937446507106,West,High,4540.131345522062
932,45.0,75.20651662587562,23,17.098408147198707,South,Low,3401.3916563116018
933,27.0,11.423898258902419,23,21.58020139624605,South,Low,330.02545438661133
934,73.0,40.69810220267985,3,45.290574011892616,East,Medium,3016.252034807522
935,26.0,83.68363514073094,4,34.990837138707604,East,Low,2210.7653507977125
936,47.0,64.28974691920351,26,40.43241620385498,East,Low,3062.05052140642
937,86.0,,25,25.44554403804448,East,Medium,
938,56.0,91.49723130967065,15,33.36112487552711,East,High,5157.206078217084
939,94.0,79.53604547044444,6,16.177262393444337,North,Medium,7492.5655366152205
940,63.0,33.84059025130601,15,36.745737362756884,North,High,2168.7029231950355
941,48.0,68.07608537731451,21,24.24206001665018,West,Medium,3291.894158127747
942,61.0,63.6175655370061,3,24.91454816666355,South,Medium,3905.5860459240357
943,81.0,46.10691226350844,25,34.21950460595967,North,Low,3768.8793979501434
944,26.0,43.02604712843206,21,47.1326279661017,North,Medium,1165.8098533053353
945,36.0,40.92044272981336,21,7.8802855973879415,North,Medium,1481.016223870669
946,1.0,65.54402050560822,14,42.11344568061534,West,High,107.65746618622356
947,8.0,49.816894283260254,20,18.15723996854869,East,Low,416.69239423463074
948,99.0,84.86768019262799,14,24.976375452787003,West,High,8426.876714522958
949,52.0,70.26423545205657,4,5.986099794875403,South,High,3659.726343301817
950,79.0,16.293844513849074,12,18.547073502544087,South,Low,1305.760790096621
951,47.0,67.61514014453495,17,27.618405918355872,South,Low,3205.529992711499
952,56.0,,7,7.5279234806347555,South,Low,
953,86.0,63.353079248808044,9,27.09930782224243,North,Medium,5475.464123219735
954,14.0,71.21187379931062,3,46.71997829862923,North,Low,1043.686211488978
955,90.0,30.774627023861086,28,9.742694814851234,West,Low,2779.4591269623493
956,28.0,51.11727803923318,13,39.3998327633977,East,Low,1470.6836178619267
957,87.0,27.129237653716103,15,23.43519740191967,South,High,2383.6788732752207
958,78.0,14.710498820785748,18,34.48281715359521,West,High,1181.9017251748837
959,88.0,44.06287811372822,19,16.71064690933532,North,Medium,3894.2439209174186
960,2.0,42.66498446613928,1,12.177151814361123,North,High,97.50712074663969
961,26.0,99.59324416338313,6,12.22081764220519,East,Medium,2601.6451658901665
962,14.0,50.17171160778779,27,8.172137553941509,East,High,710.5761000629706
963,59.0,40.021259452498036,27,13.354101720555937,East,Low,2374.60840941794
964,56.0,62.24275060450071,23,34.88987232450357,West,High,3520.4839061765433
965,7.0,17.989065469699163,27,,North,Medium,
966,3.0,96.54991623593318,27,41.63565585160228,North,High,331.2854045594018
967,23.0,67.14640410319299,2,35.831043944351784,East,Low,1580.1983383177906
968,18.0,77.9354037946763,24,9.96943385349962,South,Medium,1412.806702157673
969,38.0,25.343014435652577,14,18.013435083317745,East,Low,981.0479836381157
970,99.0,46.85300677046835,6,18.941309389511105,West,Low,4657.388979665878
971,15.0,48.04202020565706,14,16.248062587892953,East,Medium,736.8783656727488
972,64.0,83.96257995109781,4,28.17525468693754,East,Low,5401.780371557197
973,89.0,10.11130117834685,21,29.099921669585267,West,Low,929.0057265424548
974,28.0,37.076779751792955,8,21.05986888269996,East,High,1059.2097019329026
975,74.0,98.31127369098735,3,20.92051214313962,North,Low,7295.954765276203
976,39.0,52.73978891555968,19,42.28500190577366,South,Low,2099.1367696126013
977,57.0,44.42736522196074,14,40.51817817438585,East,Low,2572.877995826148
978,17.0,20.78461018158817,27,18.850812425633556,West,Low,372.18918551263243
979,86.0,97.6748165765214,20,46.12047997429667,South,Medium,8446.154705555136
980,90.0,11.802372033324202,17,47.87667576511277,West,High,1110.0901587642911
981,44.0,76.34622025065188,25,19.703414391351835,South,Low,3378.9371054200346
982,25.0,79.17398243096576,8,20.94912269568747,South,Low,2000.2986834698315
983,17.0,31.929104445747996,24,27.75353690398815,East,Medium,570.548312481704
984,13.0,70.44025992517336,14,47.35043656401531,North,Low,963.0738155912691
985,84.0,,26,44.43437449140402,East,Medium,
986,25.0,33.13425397888719,6,9.615558316261541,West,High,837.9719077884412
987,68.0,80.91117894630385,23,22.672883447213728,West,High,5524.633051795875
988,10.0,87.82175728301863,22,29.90170353873973,South,Low,908.1192763689261
989,67.0,64.76377713938122,16,27.640961264819303,South,Low,4366.814029603361
990,18.0,55.615458863843436,25,13.72383805716017,North,Low,1014.802097606342
991,86.0,24.337361855708227,19,43.64675470256696,East,Medium,2136.6598742934743
992,34.0,15.679812977123515,14,35.462335234857676,West,Low,568.5759764570571
993,8.0,20.588412562620277,19,42.70587686833116,South,Low,207.41317736929338
994,40.0,30.46215700864889,3,43.64439257072625,North,High,1262.130672916682
995,83.0,40.750705170722874,10,38.67601341495829,West,Low,3420.9845425849567
996,42.0,44.28185729598885,19,24.76447705623728,South,High,1884.602483487769
997,,41.16895917301032,9,32.47460397569411,West,Low,
998,6.0,31.514979897753904,28,12.216443275388443,North,High,201.30632266191185
999,52.0,55.875182207652834,20,35.314043786370846,North,Low,2940.823518584318
1000,26.0,84.27574974096072,13,13.066396508267633,West,High,2204.2358897732465
